Review,Sentiment
"Neither good nor bad, just fine.",neutral
"Absolutely fantastic, I will buy again.",positive
I am extremely happy with my purchase.,positive
"Neither good nor bad, just fine.",neutral
"Product performs as expected, no surprises.",neutral
Fantastic quality and speedy delivery.,positive
"Absolutely fantastic, I will buy again.",positive
Doesn't work as advertised.,negative
"Average performance, nothing stands out.",neutral
"Absolutely fantastic, I will buy again.",positive
Service was acceptable but not great.,neutral
"Very poor quality, waste of money.",negative
"It’s functional, but nothing exceptional.",neutral
Service was acceptable but not great.,neutral
"Average performance, nothing stands out.",neutral
"Works perfectly, I love it.",positive
"Completely unreliable, do not buy.",negative
Doesn't work as advertised.,negative
"The product does its job, nothing extraordinary.",neutral
"Average performance, nothing stands out.",neutral
Product meets basic expectations.,neutral
Decent for the price.,neutral
"Average performance, nothing stands out.",neutral
This product exceeded my expectations!,positive
Not worth the money at all.,negative
Service was acceptable but not great.,neutral
Very reliable and durable.,positive
"Completely unreliable, do not buy.",negative
"Absolutely fantastic, I will buy again.",positive
"Very poor quality, waste of money.",negative
Service was acceptable but not great.,neutral
"Neither good nor bad, just fine.",neutral
Very reliable and durable.,positive
The product was completely defective.,negative
It broke after one use.,negative
Product meets basic expectations.,neutral
Decent for the price.,neutral
"The product does its job, nothing extraordinary.",neutral
Highly recommend it to everyone!,positive
Product meets basic expectations.,neutral
I am extremely happy with my purchase.,positive
"It’s functional, but nothing exceptional.",neutral
"It’s okay, nothing special.",neutral
"Exceeded all my expectations, fantastic!",positive
Terrible customer service experience.,negative
"Works perfectly, I love it.",positive
"The product does its job, nothing extraordinary.",neutral
It broke after one use.,negative
The product was completely defective.,negative
Fantastic quality and speedy delivery.,positive
"Works perfectly, I love it.",positive
Worst purchase I've ever made.,negative
"It’s okay, nothing special.",neutral
Very reliable and durable.,positive
Fantastic quality and speedy delivery.,positive
Service was acceptable but not great.,neutral
Very satisfied with this purchase.,positive
Decent for the price.,neutral
Decent for the price.,neutral
I am extremely happy with my purchase.,positive
"The product does its job, nothing extraordinary.",neutral
Decent for the price.,neutral
"Average performance, nothing stands out.",neutral
Decent for the price.,neutral
"Completely unreliable, do not buy.",negative
I am extremely dissatisfied with this product.,negative
"Average performance, nothing stands out.",neutral
Terrible customer service experience.,negative
"Very poor quality, waste of money.",negative
"Very poor quality, waste of money.",negative
Very disappointed with the product.,negative
Great value for the price.,positive
Very reliable and durable.,positive
Very reliable and durable.,positive
This product exceeded my expectations!,positive
Very disappointed with the product.,negative
Doesn't work as advertised.,negative
"Works perfectly, I love it.",positive
Highly recommend it to everyone!,positive
The product was completely defective.,negative
Terrible customer service experience.,negative
Highly recommend it to everyone!,positive
Decent for the price.,neutral
The product was completely defective.,negative
"It’s functional, but nothing exceptional.",neutral
"It’s okay, nothing special.",neutral
"Product performs as expected, no surprises.",neutral
Worst purchase I've ever made.,negative
"Very poor quality, waste of money.",negative
Great value for the price.,positive
Terrible customer service experience.,negative
Highly recommend it to everyone!,positive
I am extremely happy with my purchase.,positive
Product meets basic expectations.,neutral
Decent for the price.,neutral
"Absolutely fantastic, I will buy again.",positive
I am extremely dissatisfied with this product.,negative
"Absolutely fantastic, I will buy again.",positive
"It’s okay, nothing special.",neutral
It broke after one use.,negative
"It’s functional, but nothing exceptional.",neutral
"Product performs as expected, no surprises.",neutral
"Very poor quality, waste of money.",negative
"It’s functional, but nothing exceptional.",neutral
"Average performance, nothing stands out.",neutral
It broke after one use.,negative
I am extremely dissatisfied with this product.,negative
"Completely unreliable, do not buy.",negative
Very reliable and durable.,positive
I am extremely happy with my purchase.,positive
"Neither good nor bad, just fine.",neutral
"Completely unreliable, do not buy.",negative
I am extremely dissatisfied with this product.,negative
This product exceeded my expectations!,positive
Very reliable and durable.,positive
The product was completely defective.,negative
Very satisfied with this purchase.,positive
Fantastic quality and speedy delivery.,positive
"Product performs as expected, no surprises.",neutral
The product is average in quality.,neutral
Worst purchase I've ever made.,negative
Highly recommend it to everyone!,positive
"Very poor quality, waste of money.",negative
"Completely unreliable, do not buy.",negative
Highly recommend it to everyone!,positive
Very satisfied with this purchase.,positive
The product is average in quality.,neutral
Great value for the price.,positive
Decent for the price.,neutral
It broke after one use.,negative
Service was acceptable but not great.,neutral
Worst purchase I've ever made.,negative
Service was acceptable but not great.,neutral
"It’s okay, nothing special.",neutral
Doesn't work as advertised.,negative
The product is average in quality.,neutral
Worst purchase I've ever made.,negative
Product meets basic expectations.,neutral
Very reliable and durable.,positive
Very satisfied with this purchase.,positive
Fantastic quality and speedy delivery.,positive
I am extremely happy with my purchase.,positive
Terrible customer service experience.,negative
Very disappointed with the product.,negative
"The product does its job, nothing extraordinary.",neutral
"Very poor quality, waste of money.",negative
This product exceeded my expectations!,positive
"It’s functional, but nothing exceptional.",neutral
"The product does its job, nothing extraordinary.",neutral
"It’s okay, nothing special.",neutral
"Very poor quality, waste of money.",negative
I am extremely dissatisfied with this product.,negative
"Exceeded all my expectations, fantastic!",positive
Highly recommend it to everyone!,positive
The product is average in quality.,neutral
"It’s functional, but nothing exceptional.",neutral
"Absolutely fantastic, I will buy again.",positive
Doesn't work as advertised.,negative
"Average performance, nothing stands out.",neutral
Not worth the money at all.,negative
Highly recommend it to everyone!,positive
Terrible customer service experience.,negative
Product meets basic expectations.,neutral
"It’s okay, nothing special.",neutral
Service was acceptable but not great.,neutral
Fantastic quality and speedy delivery.,positive
Very satisfied with this purchase.,positive
This product exceeded my expectations!,positive
Fantastic quality and speedy delivery.,positive
Service was acceptable but not great.,neutral
The product is average in quality.,neutral
Great value for the price.,positive
Not worth the money at all.,negative
Service was acceptable but not great.,neutral
"Absolutely fantastic, I will buy again.",positive
Highly recommend it to everyone!,positive
Fantastic quality and speedy delivery.,positive
I am extremely dissatisfied with this product.,negative
Great value for the price.,positive
Very disappointed with the product.,negative
I am extremely dissatisfied with this product.,negative
I am extremely happy with my purchase.,positive
I am extremely happy with my purchase.,positive
"It’s functional, but nothing exceptional.",neutral
Very reliable and durable.,positive
Very reliable and durable.,positive
Service was acceptable but not great.,neutral
Service was acceptable but not great.,neutral
Service was acceptable but not great.,neutral
Not worth the money at all.,negative
"Works perfectly, I love it.",positive
Not worth the money at all.,negative
I am extremely happy with my purchase.,positive
"It’s functional, but nothing exceptional.",neutral
"Absolutely fantastic, I will buy again.",positive
I am extremely happy with my purchase.,positive
"Product performs as expected, no surprises.",neutral
"Works perfectly, I love it.",positive
Not worth the money at all.,negative
"It’s okay, nothing special.",neutral
Doesn't work as advertised.,negative
I am extremely dissatisfied with this product.,negative
I am extremely dissatisfied with this product.,negative
"It’s functional, but nothing exceptional.",neutral
It broke after one use.,negative
Very reliable and durable.,positive
"Neither good nor bad, just fine.",neutral
"Absolutely fantastic, I will buy again.",positive
Highly recommend it to everyone!,positive
"It’s functional, but nothing exceptional.",neutral
"Exceeded all my expectations, fantastic!",positive
Decent for the price.,neutral
"Neither good nor bad, just fine.",neutral
The product was completely defective.,negative
"Very poor quality, waste of money.",negative
Highly recommend it to everyone!,positive
"Absolutely fantastic, I will buy again.",positive
This product exceeded my expectations!,positive
Not worth the money at all.,negative
It broke after one use.,negative
Very reliable and durable.,positive
"Absolutely fantastic, I will buy again.",positive
The product was completely defective.,negative
Very satisfied with this purchase.,positive
"It’s okay, nothing special.",neutral
Terrible customer service experience.,negative
"The product does its job, nothing extraordinary.",neutral
Doesn't work as advertised.,negative
Very satisfied with this purchase.,positive
"Neither good nor bad, just fine.",neutral
This product exceeded my expectations!,positive
"Product performs as expected, no surprises.",neutral
Not worth the money at all.,negative
"Works perfectly, I love it.",positive
Worst purchase I've ever made.,negative
Fantastic quality and speedy delivery.,positive
Very satisfied with this purchase.,positive
Service was acceptable but not great.,neutral
"Neither good nor bad, just fine.",neutral
"Works perfectly, I love it.",positive
"Neither good nor bad, just fine.",neutral
This product exceeded my expectations!,positive
"It’s functional, but nothing exceptional.",neutral
"Absolutely fantastic, I will buy again.",positive
This product exceeded my expectations!,positive
The product was completely defective.,negative
Very disappointed with the product.,negative
Fantastic quality and speedy delivery.,positive
"The product does its job, nothing extraordinary.",neutral
"Product performs as expected, no surprises.",neutral
"Completely unreliable, do not buy.",negative
"Absolutely fantastic, I will buy again.",positive
"Completely unreliable, do not buy.",negative
"It’s okay, nothing special.",neutral
"Neither good nor bad, just fine.",neutral
Very reliable and durable.,positive
Fantastic quality and speedy delivery.,positive
"Average performance, nothing stands out.",neutral
Not worth the money at all.,negative
This product exceeded my expectations!,positive
"Very poor quality, waste of money.",negative
Very reliable and durable.,positive
"Average performance, nothing stands out.",neutral
"Works perfectly, I love it.",positive
Fantastic quality and speedy delivery.,positive
Worst purchase I've ever made.,negative
Very disappointed with the product.,negative
"The product does its job, nothing extraordinary.",neutral
"It’s okay, nothing special.",neutral
"Very poor quality, waste of money.",negative
Worst purchase I've ever made.,negative
"Completely unreliable, do not buy.",negative
"Exceeded all my expectations, fantastic!",positive
Very reliable and durable.,positive
The product was completely defective.,negative
"Completely unreliable, do not buy.",negative
"Average performance, nothing stands out.",neutral
Decent for the price.,neutral
"It’s functional, but nothing exceptional.",neutral
"Exceeded all my expectations, fantastic!",positive
Doesn't work as advertised.,negative
"Absolutely fantastic, I will buy again.",positive
"Very poor quality, waste of money.",negative
Terrible customer service experience.,negative
Worst purchase I've ever made.,negative
Very satisfied with this purchase.,positive
Very disappointed with the product.,negative
Not worth the money at all.,negative
Worst purchase I've ever made.,negative
Worst purchase I've ever made.,negative
Not worth the money at all.,negative
Service was acceptable but not great.,neutral
Very disappointed with the product.,negative
Product meets basic expectations.,neutral
Terrible customer service experience.,negative
Doesn't work as advertised.,negative
"Product performs as expected, no surprises.",neutral
Very satisfied with this purchase.,positive
"Works perfectly, I love it.",positive
Highly recommend it to everyone!,positive
This product exceeded my expectations!,positive
Highly recommend it to everyone!,positive
Service was acceptable but not great.,neutral
Service was acceptable but not great.,neutral
Highly recommend it to everyone!,positive
Not worth the money at all.,negative
"Neither good nor bad, just fine.",neutral
It broke after one use.,negative
Very disappointed with the product.,negative
"Absolutely fantastic, I will buy again.",positive
"Works perfectly, I love it.",positive
"It’s okay, nothing special.",neutral
"Product performs as expected, no surprises.",neutral
Doesn't work as advertised.,negative
"The product does its job, nothing extraordinary.",neutral
Great value for the price.,positive
Worst purchase I've ever made.,negative
Very satisfied with this purchase.,positive
Doesn't work as advertised.,negative
Terrible customer service experience.,negative
Service was acceptable but not great.,neutral
Very satisfied with this purchase.,positive
I am extremely happy with my purchase.,positive
Worst purchase I've ever made.,negative
Doesn't work as advertised.,negative
Highly recommend it to everyone!,positive
I am extremely happy with my purchase.,positive
Product meets basic expectations.,neutral
It broke after one use.,negative
"Very poor quality, waste of money.",negative
"Very poor quality, waste of money.",negative
It broke after one use.,negative
Decent for the price.,neutral
Highly recommend it to everyone!,positive
"Absolutely fantastic, I will buy again.",positive
"Average performance, nothing stands out.",neutral
Doesn't work as advertised.,negative
It broke after one use.,negative
Very satisfied with this purchase.,positive
Very disappointed with the product.,negative
"It’s functional, but nothing exceptional.",neutral
"Works perfectly, I love it.",positive
"Works perfectly, I love it.",positive
It broke after one use.,negative
"Works perfectly, I love it.",positive
"Average performance, nothing stands out.",neutral
This product exceeded my expectations!,positive
Fantastic quality and speedy delivery.,positive
"Very poor quality, waste of money.",negative
"Works perfectly, I love it.",positive
It broke after one use.,negative
Decent for the price.,neutral
Terrible customer service experience.,negative
"Exceeded all my expectations, fantastic!",positive
Doesn't work as advertised.,negative
I am extremely dissatisfied with this product.,negative
The product was completely defective.,negative
Very reliable and durable.,positive
"Neither good nor bad, just fine.",neutral
I am extremely dissatisfied with this product.,negative
I am extremely dissatisfied with this product.,negative
I am extremely happy with my purchase.,positive
"Absolutely fantastic, I will buy again.",positive
I am extremely happy with my purchase.,positive
Decent for the price.,neutral
Fantastic quality and speedy delivery.,positive
Service was acceptable but not great.,neutral
"Very poor quality, waste of money.",negative
"Neither good nor bad, just fine.",neutral
Highly recommend it to everyone!,positive
Doesn't work as advertised.,negative
The product was completely defective.,negative
The product was completely defective.,negative
I am extremely happy with my purchase.,positive
"It’s functional, but nothing exceptional.",neutral
"Exceeded all my expectations, fantastic!",positive
I am extremely dissatisfied with this product.,negative
Product meets basic expectations.,neutral
"Completely unreliable, do not buy.",negative
"Very poor quality, waste of money.",negative
Not worth the money at all.,negative
Terrible customer service experience.,negative
Very satisfied with this purchase.,positive
Very satisfied with this purchase.,positive
"Completely unreliable, do not buy.",negative
I am extremely dissatisfied with this product.,negative
Fantastic quality and speedy delivery.,positive
Very disappointed with the product.,negative
Product meets basic expectations.,neutral
The product is average in quality.,neutral
"Exceeded all my expectations, fantastic!",positive
Highly recommend it to everyone!,positive
Service was acceptable but not great.,neutral
"The product does its job, nothing extraordinary.",neutral
Highly recommend it to everyone!,positive
The product is average in quality.,neutral
Very reliable and durable.,positive
Very disappointed with the product.,negative
"Average performance, nothing stands out.",neutral
"Very poor quality, waste of money.",negative
"Product performs as expected, no surprises.",neutral
This product exceeded my expectations!,positive
Terrible customer service experience.,negative
Product meets basic expectations.,neutral
I am extremely happy with my purchase.,positive
Great value for the price.,positive
Very reliable and durable.,positive
"Completely unreliable, do not buy.",negative
Very disappointed with the product.,negative
"Completely unreliable, do not buy.",negative
Doesn't work as advertised.,negative
I am extremely happy with my purchase.,positive
I am extremely dissatisfied with this product.,negative
"It’s okay, nothing special.",neutral
Highly recommend it to everyone!,positive
This product exceeded my expectations!,positive
I am extremely dissatisfied with this product.,negative
Highly recommend it to everyone!,positive
Fantastic quality and speedy delivery.,positive
Fantastic quality and speedy delivery.,positive
This product exceeded my expectations!,positive
Very satisfied with this purchase.,positive
"Neither good nor bad, just fine.",neutral
Very disappointed with the product.,negative
Very satisfied with this purchase.,positive
The product is average in quality.,neutral
The product is average in quality.,neutral
The product is average in quality.,neutral
It broke after one use.,negative
Very reliable and durable.,positive
"Product performs as expected, no surprises.",neutral
"Works perfectly, I love it.",positive
"Very poor quality, waste of money.",negative
This product exceeded my expectations!,positive
I am extremely dissatisfied with this product.,negative
Service was acceptable but not great.,neutral
The product is average in quality.,neutral
"Average performance, nothing stands out.",neutral
Product meets basic expectations.,neutral
Very disappointed with the product.,negative
Very satisfied with this purchase.,positive
"Works perfectly, I love it.",positive
Terrible customer service experience.,negative
"Completely unreliable, do not buy.",negative
Product meets basic expectations.,neutral
Product meets basic expectations.,neutral
The product was completely defective.,negative
"It’s okay, nothing special.",neutral
"Completely unreliable, do not buy.",negative
Terrible customer service experience.,negative
"Completely unreliable, do not buy.",negative
Not worth the money at all.,negative
Doesn't work as advertised.,negative
Great value for the price.,positive
Decent for the price.,neutral
Doesn't work as advertised.,negative
The product was completely defective.,negative
"Average performance, nothing stands out.",neutral
I am extremely dissatisfied with this product.,negative
"Absolutely fantastic, I will buy again.",positive
"Average performance, nothing stands out.",neutral
Decent for the price.,neutral
Terrible customer service experience.,negative
Worst purchase I've ever made.,negative
"Neither good nor bad, just fine.",neutral
Great value for the price.,positive
"Works perfectly, I love it.",positive
Product meets basic expectations.,neutral
Decent for the price.,neutral
"Exceeded all my expectations, fantastic!",positive
Decent for the price.,neutral
Great value for the price.,positive
"Product performs as expected, no surprises.",neutral
The product was completely defective.,negative
Very satisfied with this purchase.,positive
Very reliable and durable.,positive
"Neither good nor bad, just fine.",neutral
"Exceeded all my expectations, fantastic!",positive
Fantastic quality and speedy delivery.,positive
Not worth the money at all.,negative
Not worth the money at all.,negative
Great value for the price.,positive
Product meets basic expectations.,neutral
"Product performs as expected, no surprises.",neutral
"Absolutely fantastic, I will buy again.",positive
"Product performs as expected, no surprises.",neutral
"Completely unreliable, do not buy.",negative
Very satisfied with this purchase.,positive
"It’s okay, nothing special.",neutral
Decent for the price.,neutral
Product meets basic expectations.,neutral
Very satisfied with this purchase.,positive
"Neither good nor bad, just fine.",neutral
Highly recommend it to everyone!,positive
"Neither good nor bad, just fine.",neutral
The product is average in quality.,neutral
Highly recommend it to everyone!,positive
"Neither good nor bad, just fine.",neutral
"The product does its job, nothing extraordinary.",neutral
Fantastic quality and speedy delivery.,positive
It broke after one use.,negative
Very reliable and durable.,positive
Fantastic quality and speedy delivery.,positive
Terrible customer service experience.,negative
Fantastic quality and speedy delivery.,positive
"The product does its job, nothing extraordinary.",neutral
I am extremely happy with my purchase.,positive
It broke after one use.,negative
The product is average in quality.,neutral
Very disappointed with the product.,negative
Doesn't work as advertised.,negative
It broke after one use.,negative
"Works perfectly, I love it.",positive
"Product performs as expected, no surprises.",neutral
"Average performance, nothing stands out.",neutral
"Absolutely fantastic, I will buy again.",positive
It broke after one use.,negative
Product meets basic expectations.,neutral
The product is average in quality.,neutral
Great value for the price.,positive
"Average performance, nothing stands out.",neutral
"Very poor quality, waste of money.",negative
Decent for the price.,neutral
I am extremely dissatisfied with this product.,negative
"Absolutely fantastic, I will buy again.",positive
"Average performance, nothing stands out.",neutral
"Completely unreliable, do not buy.",negative
Great value for the price.,positive
Very reliable and durable.,positive
The product was completely defective.,negative
Decent for the price.,neutral
"Neither good nor bad, just fine.",neutral
I am extremely dissatisfied with this product.,negative
"Product performs as expected, no surprises.",neutral
Great value for the price.,positive
"Completely unreliable, do not buy.",negative
Very disappointed with the product.,negative
Worst purchase I've ever made.,negative
"It’s okay, nothing special.",neutral
"It’s functional, but nothing exceptional.",neutral
"Average performance, nothing stands out.",neutral
"Very poor quality, waste of money.",negative
It broke after one use.,negative
Service was acceptable but not great.,neutral
I am extremely happy with my purchase.,positive
"It’s functional, but nothing exceptional.",neutral
Service was acceptable but not great.,neutral
The product was completely defective.,negative
I am extremely happy with my purchase.,positive
Product meets basic expectations.,neutral
"Very poor quality, waste of money.",negative
"The product does its job, nothing extraordinary.",neutral
I am extremely dissatisfied with this product.,negative
"Average performance, nothing stands out.",neutral
"Very poor quality, waste of money.",negative
This product exceeded my expectations!,positive
"Product performs as expected, no surprises.",neutral
The product is average in quality.,neutral
Not worth the money at all.,negative
"Completely unreliable, do not buy.",negative
"Very poor quality, waste of money.",negative
Service was acceptable but not great.,neutral
"It’s okay, nothing special.",neutral
"Absolutely fantastic, I will buy again.",positive
Very satisfied with this purchase.,positive
Very disappointed with the product.,negative
Product meets basic expectations.,neutral
"It’s okay, nothing special.",neutral
Doesn't work as advertised.,negative
"Absolutely fantastic, I will buy again.",positive
Decent for the price.,neutral
Service was acceptable but not great.,neutral
Very reliable and durable.,positive
"Product performs as expected, no surprises.",neutral
Highly recommend it to everyone!,positive
This product exceeded my expectations!,positive
"It’s okay, nothing special.",neutral
Doesn't work as advertised.,negative
I am extremely happy with my purchase.,positive
"Works perfectly, I love it.",positive
I am extremely dissatisfied with this product.,negative
I am extremely dissatisfied with this product.,negative
Product meets basic expectations.,neutral
Highly recommend it to everyone!,positive
It broke after one use.,negative
Worst purchase I've ever made.,negative
Doesn't work as advertised.,negative
Not worth the money at all.,negative
"Exceeded all my expectations, fantastic!",positive
"Very poor quality, waste of money.",negative
"It’s okay, nothing special.",neutral
Fantastic quality and speedy delivery.,positive
Very disappointed with the product.,negative
This product exceeded my expectations!,positive
Very satisfied with this purchase.,positive
It broke after one use.,negative
Great value for the price.,positive
"The product does its job, nothing extraordinary.",neutral
Doesn't work as advertised.,negative
Very disappointed with the product.,negative
Decent for the price.,neutral
Not worth the money at all.,negative
Fantastic quality and speedy delivery.,positive
Doesn't work as advertised.,negative
Decent for the price.,neutral
"Works perfectly, I love it.",positive
"Absolutely fantastic, I will buy again.",positive
Doesn't work as advertised.,negative
"Completely unreliable, do not buy.",negative
"It’s functional, but nothing exceptional.",neutral
Very disappointed with the product.,negative
"It’s okay, nothing special.",neutral
This product exceeded my expectations!,positive
"Absolutely fantastic, I will buy again.",positive
Service was acceptable but not great.,neutral
"Neither good nor bad, just fine.",neutral
I am extremely happy with my purchase.,positive
Very reliable and durable.,positive
"It’s okay, nothing special.",neutral
"Completely unreliable, do not buy.",negative
The product is average in quality.,neutral
Very satisfied with this purchase.,positive
It broke after one use.,negative
"Very poor quality, waste of money.",negative
"Average performance, nothing stands out.",neutral
"Exceeded all my expectations, fantastic!",positive
Very satisfied with this purchase.,positive
This product exceeded my expectations!,positive
"It’s functional, but nothing exceptional.",neutral
"The product does its job, nothing extraordinary.",neutral
Product meets basic expectations.,neutral
"Exceeded all my expectations, fantastic!",positive
This product exceeded my expectations!,positive
"The product does its job, nothing extraordinary.",neutral
"It’s functional, but nothing exceptional.",neutral
"The product does its job, nothing extraordinary.",neutral
I am extremely happy with my purchase.,positive
Very disappointed with the product.,negative
"Neither good nor bad, just fine.",neutral
This product exceeded my expectations!,positive
"Neither good nor bad, just fine.",neutral
Product meets basic expectations.,neutral
Highly recommend it to everyone!,positive
Service was acceptable but not great.,neutral
Great value for the price.,positive
The product is average in quality.,neutral
Worst purchase I've ever made.,negative
The product is average in quality.,neutral
"Neither good nor bad, just fine.",neutral
"Completely unreliable, do not buy.",negative
Highly recommend it to everyone!,positive
"Works perfectly, I love it.",positive
This product exceeded my expectations!,positive
"Product performs as expected, no surprises.",neutral
"Product performs as expected, no surprises.",neutral
"Average performance, nothing stands out.",neutral
Fantastic quality and speedy delivery.,positive
Product meets basic expectations.,neutral
Very disappointed with the product.,negative
This product exceeded my expectations!,positive
Doesn't work as advertised.,negative
"Very poor quality, waste of money.",negative
"Very poor quality, waste of money.",negative
Fantastic quality and speedy delivery.,positive
Fantastic quality and speedy delivery.,positive
It broke after one use.,negative
Doesn't work as advertised.,negative
Product meets basic expectations.,neutral
Doesn't work as advertised.,negative
"Average performance, nothing stands out.",neutral
Very disappointed with the product.,negative
"Average performance, nothing stands out.",neutral
"Exceeded all my expectations, fantastic!",positive
It broke after one use.,negative
Worst purchase I've ever made.,negative
Very reliable and durable.,positive
It broke after one use.,negative
This product exceeded my expectations!,positive
"It’s okay, nothing special.",neutral
Very satisfied with this purchase.,positive
Not worth the money at all.,negative
I am extremely happy with my purchase.,positive
It broke after one use.,negative
"It’s functional, but nothing exceptional.",neutral
"It’s okay, nothing special.",neutral
"Completely unreliable, do not buy.",negative
I am extremely dissatisfied with this product.,negative
"Works perfectly, I love it.",positive
"Absolutely fantastic, I will buy again.",positive
"Completely unreliable, do not buy.",negative
Very reliable and durable.,positive
I am extremely dissatisfied with this product.,negative
Service was acceptable but not great.,neutral
I am extremely happy with my purchase.,positive
I am extremely happy with my purchase.,positive
"Completely unreliable, do not buy.",negative
"Product performs as expected, no surprises.",neutral
The product was completely defective.,negative
Worst purchase I've ever made.,negative
"It’s functional, but nothing exceptional.",neutral
Very reliable and durable.,positive
Very satisfied with this purchase.,positive
Very reliable and durable.,positive
"Neither good nor bad, just fine.",neutral
"Exceeded all my expectations, fantastic!",positive
"Very poor quality, waste of money.",negative
Terrible customer service experience.,negative
I am extremely happy with my purchase.,positive
Highly recommend it to everyone!,positive
"Neither good nor bad, just fine.",neutral
The product was completely defective.,negative
"It’s okay, nothing special.",neutral
Very disappointed with the product.,negative
"Exceeded all my expectations, fantastic!",positive
"The product does its job, nothing extraordinary.",neutral
This product exceeded my expectations!,positive
Not worth the money at all.,negative
I am extremely happy with my purchase.,positive
"Completely unreliable, do not buy.",negative
Terrible customer service experience.,negative
It broke after one use.,negative
I am extremely happy with my purchase.,positive
"Completely unreliable, do not buy.",negative
Fantastic quality and speedy delivery.,positive
Service was acceptable but not great.,neutral
Worst purchase I've ever made.,negative
"Completely unreliable, do not buy.",negative
"Absolutely fantastic, I will buy again.",positive
"Absolutely fantastic, I will buy again.",positive
"It’s okay, nothing special.",neutral
"Works perfectly, I love it.",positive
Product meets basic expectations.,neutral
Product meets basic expectations.,neutral
This product exceeded my expectations!,positive
It broke after one use.,negative
"Very poor quality, waste of money.",negative
"It’s functional, but nothing exceptional.",neutral
"Product performs as expected, no surprises.",neutral
Very reliable and durable.,positive
"The product does its job, nothing extraordinary.",neutral
Great value for the price.,positive
Not worth the money at all.,negative
Very disappointed with the product.,negative
Highly recommend it to everyone!,positive
Doesn't work as advertised.,negative
Not worth the money at all.,negative
Doesn't work as advertised.,negative
Very reliable and durable.,positive
"It’s functional, but nothing exceptional.",neutral
"Works perfectly, I love it.",positive
I am extremely dissatisfied with this product.,negative
This product exceeded my expectations!,positive
"Very poor quality, waste of money.",negative
"It’s functional, but nothing exceptional.",neutral
"Works perfectly, I love it.",positive
I am extremely dissatisfied with this product.,negative
Doesn't work as advertised.,negative
Decent for the price.,neutral
"Average performance, nothing stands out.",neutral
Very reliable and durable.,positive
It broke after one use.,negative
"Product performs as expected, no surprises.",neutral
This product exceeded my expectations!,positive
"Average performance, nothing stands out.",neutral
The product is average in quality.,neutral
The product was completely defective.,negative
"It’s okay, nothing special.",neutral
"Exceeded all my expectations, fantastic!",positive
The product was completely defective.,negative
Very satisfied with this purchase.,positive
It broke after one use.,negative
Terrible customer service experience.,negative
Decent for the price.,neutral
Worst purchase I've ever made.,negative
Doesn't work as advertised.,negative
I am extremely dissatisfied with this product.,negative
Very satisfied with this purchase.,positive
Great value for the price.,positive
Very satisfied with this purchase.,positive
"Product performs as expected, no surprises.",neutral
Decent for the price.,neutral
"Completely unreliable, do not buy.",negative
Very satisfied with this purchase.,positive
"Product performs as expected, no surprises.",neutral
Product meets basic expectations.,neutral
"Works perfectly, I love it.",positive
Highly recommend it to everyone!,positive
Very satisfied with this purchase.,positive
Very satisfied with this purchase.,positive
It broke after one use.,negative
Not worth the money at all.,negative
It broke after one use.,negative
"Completely unreliable, do not buy.",negative
This product exceeded my expectations!,positive
"Completely unreliable, do not buy.",negative
"It’s functional, but nothing exceptional.",neutral
"The product does its job, nothing extraordinary.",neutral
Very disappointed with the product.,negative
Product meets basic expectations.,neutral
Very reliable and durable.,positive
Highly recommend it to everyone!,positive
"Neither good nor bad, just fine.",neutral
Very reliable and durable.,positive
"Completely unreliable, do not buy.",negative
Service was acceptable but not great.,neutral
I am extremely happy with my purchase.,positive
Decent for the price.,neutral
I am extremely happy with my purchase.,positive
"Very poor quality, waste of money.",negative
Highly recommend it to everyone!,positive
The product is average in quality.,neutral
Doesn't work as advertised.,negative
Fantastic quality and speedy delivery.,positive
Service was acceptable but not great.,neutral
The product was completely defective.,negative
"Exceeded all my expectations, fantastic!",positive
The product was completely defective.,negative
"Exceeded all my expectations, fantastic!",positive
Fantastic quality and speedy delivery.,positive
Service was acceptable but not great.,neutral
Worst purchase I've ever made.,negative
"Completely unreliable, do not buy.",negative
"Absolutely fantastic, I will buy again.",positive
"The product does its job, nothing extraordinary.",neutral
"Average performance, nothing stands out.",neutral
It broke after one use.,negative
"Neither good nor bad, just fine.",neutral
I am extremely dissatisfied with this product.,negative
The product is average in quality.,neutral
Fantastic quality and speedy delivery.,positive
The product is average in quality.,neutral
"Absolutely fantastic, I will buy again.",positive
Product meets basic expectations.,neutral
This product exceeded my expectations!,positive
The product is average in quality.,neutral
Doesn't work as advertised.,negative
The product is average in quality.,neutral
"Works perfectly, I love it.",positive
"Absolutely fantastic, I will buy again.",positive
"Works perfectly, I love it.",positive
"Neither good nor bad, just fine.",neutral
Highly recommend it to everyone!,positive
"Neither good nor bad, just fine.",neutral
Not worth the money at all.,negative
"It’s functional, but nothing exceptional.",neutral
Product meets basic expectations.,neutral
"It’s functional, but nothing exceptional.",neutral
Very disappointed with the product.,negative
Highly recommend it to everyone!,positive
Decent for the price.,neutral
I am extremely happy with my purchase.,positive
"Works perfectly, I love it.",positive
I am extremely dissatisfied with this product.,negative
Product meets basic expectations.,neutral
"Absolutely fantastic, I will buy again.",positive
Decent for the price.,neutral
Doesn't work as advertised.,negative
"It’s okay, nothing special.",neutral
Worst purchase I've ever made.,negative
Worst purchase I've ever made.,negative
It broke after one use.,negative
Very satisfied with this purchase.,positive
"Absolutely fantastic, I will buy again.",positive
"Average performance, nothing stands out.",neutral
Highly recommend it to everyone!,positive
Doesn't work as advertised.,negative
Worst purchase I've ever made.,negative
"The product does its job, nothing extraordinary.",neutral
"Exceeded all my expectations, fantastic!",positive
Doesn't work as advertised.,negative
I am extremely happy with my purchase.,positive
"Absolutely fantastic, I will buy again.",positive
The product is average in quality.,neutral
"It’s okay, nothing special.",neutral
It broke after one use.,negative
It broke after one use.,negative
This product exceeded my expectations!,positive
"Neither good nor bad, just fine.",neutral
"It’s functional, but nothing exceptional.",neutral
Very satisfied with this purchase.,positive
Very reliable and durable.,positive
Highly recommend it to everyone!,positive
"It’s okay, nothing special.",neutral
Very satisfied with this purchase.,positive
Worst purchase I've ever made.,negative
"Average performance, nothing stands out.",neutral
"Works perfectly, I love it.",positive
Terrible customer service experience.,negative
This product exceeded my expectations!,positive
Very reliable and durable.,positive
Service was acceptable but not great.,neutral
It broke after one use.,negative
Worst purchase I've ever made.,negative
"Product performs as expected, no surprises.",neutral
Terrible customer service experience.,negative
Very reliable and durable.,positive
"It’s okay, nothing special.",neutral
Terrible customer service experience.,negative
Doesn't work as advertised.,negative
Very reliable and durable.,positive
Very satisfied with this purchase.,positive
"Completely unreliable, do not buy.",negative
The product was completely defective.,negative
Very satisfied with this purchase.,positive
Service was acceptable but not great.,neutral
"Completely unreliable, do not buy.",negative
Service was acceptable but not great.,neutral
Very satisfied with this purchase.,positive
"It’s functional, but nothing exceptional.",neutral
"It’s functional, but nothing exceptional.",neutral
It broke after one use.,negative
Service was acceptable but not great.,neutral
Great value for the price.,positive
Very reliable and durable.,positive
"Completely unreliable, do not buy.",negative
Doesn't work as advertised.,negative
Product meets basic expectations.,neutral
Terrible customer service experience.,negative
"Works perfectly, I love it.",positive
Product meets basic expectations.,neutral
"It’s functional, but nothing exceptional.",neutral
Great value for the price.,positive
"Product performs as expected, no surprises.",neutral
Very disappointed with the product.,negative
"It’s functional, but nothing exceptional.",neutral
I am extremely happy with my purchase.,positive
Product meets basic expectations.,neutral
"It’s okay, nothing special.",neutral
Terrible customer service experience.,negative
Fantastic quality and speedy delivery.,positive
Worst purchase I've ever made.,negative
"Completely unreliable, do not buy.",negative
Very satisfied with this purchase.,positive
Doesn't work as advertised.,negative
"It’s functional, but nothing exceptional.",neutral
Very satisfied with this purchase.,positive
The product was completely defective.,negative
Very satisfied with this purchase.,positive
Fantastic quality and speedy delivery.,positive
The product was completely defective.,negative
"Very poor quality, waste of money.",negative
"Average performance, nothing stands out.",neutral
Not worth the money at all.,negative
This product exceeded my expectations!,positive
Doesn't work as advertised.,negative
Very reliable and durable.,positive
The product is average in quality.,neutral
Very disappointed with the product.,negative
"Exceeded all my expectations, fantastic!",positive
"Exceeded all my expectations, fantastic!",positive
Highly recommend it to everyone!,positive
Very satisfied with this purchase.,positive
Service was acceptable but not great.,neutral
"Neither good nor bad, just fine.",neutral
This product exceeded my expectations!,positive
"It’s functional, but nothing exceptional.",neutral
Service was acceptable but not great.,neutral
Very disappointed with the product.,negative
The product is average in quality.,neutral
Highly recommend it to everyone!,positive
"Product performs as expected, no surprises.",neutral
Doesn't work as advertised.,negative
"It’s functional, but nothing exceptional.",neutral
Fantastic quality and speedy delivery.,positive
Fantastic quality and speedy delivery.,positive
Very reliable and durable.,positive
Terrible customer service experience.,negative
"Average performance, nothing stands out.",neutral
Very disappointed with the product.,negative
Very reliable and durable.,positive
Decent for the price.,neutral
Very disappointed with the product.,negative
"Exceeded all my expectations, fantastic!",positive
Fantastic quality and speedy delivery.,positive
This product exceeded my expectations!,positive
"The product does its job, nothing extraordinary.",neutral
Fantastic quality and speedy delivery.,positive
"Average performance, nothing stands out.",neutral
"Completely unreliable, do not buy.",negative
"Average performance, nothing stands out.",neutral
"It’s okay, nothing special.",neutral
This product exceeded my expectations!,positive
Very reliable and durable.,positive
Fantastic quality and speedy delivery.,positive
"Completely unreliable, do not buy.",negative
Terrible customer service experience.,negative
I am extremely happy with my purchase.,positive
"Absolutely fantastic, I will buy again.",positive
"Average performance, nothing stands out.",neutral
Decent for the price.,neutral
"Neither good nor bad, just fine.",neutral
"Average performance, nothing stands out.",neutral
Fantastic quality and speedy delivery.,positive
Very satisfied with this purchase.,positive
Highly recommend it to everyone!,positive
Fantastic quality and speedy delivery.,positive
Terrible customer service experience.,negative
Very reliable and durable.,positive
Terrible customer service experience.,negative
"The product does its job, nothing extraordinary.",neutral
